entry_date,side,entry_i,exit_date,holding_days,trade_return
2023-01-04,long_spread,1238,2023-01-05,1,0.0
2023-01-09,long_spread,1241,2023-02-06,19,-0.009963169520393556
2023-02-22,short_spread,1272,2023-03-02,6,0.014684964489480645
2023-03-17,short_spread,1288,2023-03-23,4,-0.0003008585616081083
2023-04-17,long_spread,1305,2023-04-18,1,0.0
2023-04-19,long_spread,1307,2023-05-02,8,-0.018598064340987097
2023-07-21,long_spread,1372,2023-07-28,5,0.0009614712042462781
2024-01-24,short_spread,1497,2024-02-01,5,-0.0011718318743995093
2024-02-06,long_spread,1505,2024-02-16,8,-0.009740227710818727
2024-05-17,short_spread,1572,2024-06-13,18,-0.022159870281291072
2024-07-18,long_spread,1613,2024-07-22,2,0.007910379220465336
2024-08-16,long_spread,1633,2024-08-27,7,-0.008343637152433692
2024-09-19,short_spread,1657,2024-09-27,6,-0.0028648699970441616
2024-10-11,short_spread,1672,2024-10-22,7,0.008345289138646406
2024-11-25,long_spread,1701,2024-12-10,11,-0.011144218009510043
