entry_z,round_trip_cost_assumption_bps_per_leg,sharpe,cagr,max_drawdown,total_return
1.5,5.0,-0.46971860924980924,-0.023552119489301915,-0.06230131761965774,-0.04790122324667634
1.5,10.0,-0.9994883355636035,-0.04886074140561103,-0.10452883062655638,-0.09802765545809211
1.5,20.0,-1.9644103406193112,-0.09759835784945547,-0.1907227484682007,-0.1906339475265394
2.0,5.0,-0.4999162294918347,-0.018960233083294642,-0.047121397069863624,-0.03865697503327037
2.0,10.0,-0.8759841841711549,-0.03318018225042674,-0.0727392053453284,-0.06713500071667333
2.0,20.0,-1.5444005790542101,-0.06104599849725656,-0.12518801806861657,-0.12166473542171796
2.5,5.0,-0.19495458492214462,-0.005647549112919759,-0.032682162405329396,-0.011596466703136743
2.5,10.0,-0.4363989808022106,-0.012400902231957223,-0.03945146609762196,-0.02537220943338081
2.5,20.0,-0.8719671225986163,-0.025790310337697964,-0.06146139222654157,-0.05239042588243803
